{
  "project_info": {
    "project_number": "601838558446",
    "firebase_url": "https://health-bestie-default-rtdb.europe-west1.firebasedatabase.app",
    "project_id": "health-bestie",
    "storage_bucket": "health-bestie.appspot.com"
  },
  "client": [
    {
      "client_info": {
        "mobilesdk_app_id": "1:601838558446:android:192cc994cbc94dcda027ff",
        "android_client_info": {
          "package_name": "de.ur.mi.android.demos.healthbestie"
        }
      },
      "oauth_client": [
        {
          "client_id": "601838558446-kr8mtjoa58hhhj5b8mge4als6b3gha5s.apps.googleusercontent.com",
          "client_type": 1,
          "android_info": {
            "package_name": "de.ur.mi.android.demos.healthbestie",
            "certificate_hash": "090652bdf5c026b900adc19e8977d4bd82a07495"
          }
        },
        {
          "client_id": "601838558446-09vfpsc069462f3u0a1uti5q5f2ib4ss.apps.googleusercontent.com",
          "client_type": 3
        }
      ],
      "api_key": [
        {
          "current_key": "AIzaSyD-WXsfCqN9g0kYpA4LnYl1u8iu54NeuQg"
        }
      ],
      "services": {
        "appinvite_service": {
          "other_platform_oauth_client": [
            {
              "client_id": "601838558446-09vfpsc069462f3u0a1uti5q5f2ib4ss.apps.googleusercontent.com",
              "client_type": 3
            }
          ]
        }
      }
    }
  ],
  "configuration_version": "1"
}